Date,Close/Last,Volume,Open,High,Low
12/31/2025,681.92,74144800,687.14,687.36,681.71
12/30/2025,687.01,47160670,687.445,688.555,686.58
12/29/2025,687.85,62559500,687.54,689.2,686.07
12/26/2025,690.31,41613350,690.64,691.66,689.27
12/24/2025,690.38,39445560,687.95,690.83,687.8
12/23/2025,687.96,64839950,683.92,688.2,683.87
12/22/2025,684.83,69556730,683.94,685.36,680.5868
12/19/2025,680.59,103599500,676.59,681.09,676.47
12/18/2025,676.47,108650100,677.6,680.74,674.9
12/17/2025,671.4,110625200,679.89,680.435,671.195
12/16/2025,678.87,122030600,679.23,681.08,674.98
12/15/2025,680.73,90810950,685.74,685.76,679.25
12/12/2025,681.76,113160300,688.17,688.88,679.1744
12/11/2025,689.17,86173680,685.14,689.25,682.165
12/10/2025,687.57,85671330,682.56,688.97,681.31
12/9/2025,683.04,58310060,683.15,685.385,682.59
12/8/2025,683.63,55231460,686.59,686.64,681.57
12/5/2025,685.69,79241050,685.47,688.39,684.58
12/4/2025,684.39,61970340,685.3,685.37,681.34
12/3/2025,683.89,57238480,680.57,684.91,679.69
12/2/2025,681.53,62953840,681.92,683.82,679.3275
12/1/2025,680.27,61201190,678.81,682.99,678.74
11/28/2025,683.39,49212030,680.86,683.665,680.5
11/26/2025,679.68,71879600,677.63,681.7,676.72
11/25/2025,675.02,81077090,668.63,676.21,664.48
11/24/2025,668.73,80437940,662.69,670.06,661.59
11/21/2025,659.03,123956200,655.05,664.55,650.85
11/20/2025,652.53,165293500,672.91,675.56,651.89
11/19/2025,662.63,94702960,660.78,667.34,658.745
11/18/2025,660.08,114467500,662.095,665.12,655.86
11/17/2025,665.67,90456110,669.7,673.71,662.17
11/14/2025,671.93,96846670,665.38,675.66,663.265
11/13/2025,672.04,103457800,680.5,680.86,670.52
11/12/2025,683.38,62312480,684.79,684.96,680.945
11/11/2025,683,58953390,679.95,683.57,678.73
11/10/2025,681.44,75842890,677.235,682.18,675.03
11/7/2025,670.97,100592400,667.91,671.08,661.205
11/6/2025,670.31,85035300,676.47,677.38,668.72
11/5/2025,677.58,74402380,674.98,680.86,674.17
11/4/2025,675.24,78426970,676.11,679.96,674.58
11/3/2025,683.34,57315030,685.67,685.8,679.94
10/31/2025,682.06,87164120,685.04,685.08,679.24
10/30/2025,679.83,76335750,683.9,685.94,679.83
10/29/2025,687.39,85362210,688.72,689.7,682.87
10/28/2025,687.06,61738070,687.05,688.905,684.83
10/27/2025,685.24,63339790,682.73,685.54,682.115
10/24/2025,677.25,74356530,676.46,678.47,675.65
10/23/2025,671.76,65604460,668.12,672.7101,667.8
10/22/2025,667.8,80564010,672,672,663.3
10/21/2025,671.29,56249030,671.44,672.99,669.981
10/20/2025,671.3,60493350,667.32,672.21,667.27
10/17/2025,664.39,96500870,659.5,665.755,658.14
10/16/2025,660.64,110563300,666.82,668.71,657.11
10/15/2025,665.17,81702560,666.82,670.23,658.93
10/14/2025,662.23,88779560,657.17,665.83,653.17
10/13/2025,663.04,79560520,660.65,665.13,659.7679
10/10/2025,653.02,159422600,672.13,673.95,652.84
10/9/2025,671.16,66501940,673.53,673.94,669.21
10/8/2025,673.11,60702240,670.25,673.2056,669.42
10/7/2025,669.12,72020070,672.54,672.99,667.67
10/6/2025,671.61,54623260,671.62,672.51,669.455
10/3/2025,669.21,70494350,669.99,672.675,668.16
10/2/2025,669.22,56895990,670.45,670.565,666.78
10/1/2025,668.45,72545370,663.17,669.37,663.06
09/30/2025,666.18,86288030,662.93,666.65,661.61
09/29/2025,663.68,73499020,664.36,665.28,661.86
09/26/2025,661.82,69179210,659.51,662.37,657.88
09/25/2025,658.05,89622070,657.94,659.4056,654.405
09/24/2025,661.1,68082230,664.51,664.61,659.67
09/23/2025,663.21,81708870,666.72,667.34,661.98
09/22/2025,666.84,69452200,662.2,667.29,662.17
09/19/2025,663.7,97945620,662.33,664.55,660.37
09/18/2025,662.26,90459240,661.89,664.89,660.27
09/17/2025,659.18,101952200,660.01,661.72,654.3
09/16/2025,660,61168950,661.47,661.78,659.21
09/15/2025,660.91,63772410,659.64,661.04,659.34
9/12/2025,657.41,72780140,657.6,659.11,656.9
9/11/2025,657.63,69934360,654.18,658.33,653.59
9/10/2025,652.21,78034530,653.62,654.55,650.63
9/9/2025,650.33,66133860,648.97,650.86,647.22
9/8/2025,648.83,63133100,648.62,649.84,647.23
9/5/2025,647.24,85178940,651.48,652.21,643.33
9/4/2025,649.12,65219230,644.42,649.15,643.51
9/3/2025,643.74,70820900,642.67,644.21,640.46
9/2/2025,640.27,81983550,637.5,640.49,634.92
08/29/2025,645.05,74522190,647.47,647.84,643.14
08/28/2025,648.92,61519460,647.24,649.48,645.34
08/27/2025,646.63,48341070,644.57,647.37,644.42
08/26/2025,645.16,51581570,642.2,645.51,641.57
08/25/2025,642.47,51274330,644.04,645.29,642.35
08/22/2025,645.31,84083210,637.76,646.5,637.25
08/21/2025,635.55,54805780,636.28,637.97,633.81
08/20/2025,638.11,88890300,639.4,639.66,632.95
08/19/2025,639.81,69750730,643.12,644.105,638.48
08/18/2025,643.3,43804910,642.86,644,642.18
08/15/2025,643.44,68592510,645.99,646.09,642.5153
08/14/2025,644.95,59327470,642.79,645.62,642.34
08/13/2025,644.89,60092790,644.91,646.19,642.68
8/12/2025,642.69,64821800,638.29,642.85,636.79
8/11/2025,635.92,58742300,637.46,638.95,634.66
8/8/2025,637.18,64051630,634.06,637.645,633.74
8/7/2025,632.25,74205790,636.24,636.98,629.11
8/6/2025,632.78,64357530,629.05,633.44,628.13
8/5/2025,627.97,68051400,631.79,632.6052,627.04
8/4/2025,631.17,73218020,625.67,631.215,625.58
8/1/2025,621.72,140103600,626.3,626.34,619.29
07/31/2025,632.08,103385200,639.455,639.85,630.765
07/30/2025,634.46,80418850,635.92,637.68,631.54
07/29/2025,635.26,60556280,638.35,638.67,634.335
07/28/2025,636.94,54917100,637.48,638.04,635.54
07/25/2025,637.1,56865360,635.09,637.5799,634.84
07/24/2025,634.42,71307130,634.6,636.15,633.99
07/23/2025,634.21,70511040,631.55,634.21,629.73
07/22/2025,628.86,60046290,629.1,629.73,626.19
07/21/2025,628.77,63374980,628.77,631.54,628.34
07/18/2025,627.58,65621650,629.3,629.47,626.46
07/17/2025,628.04,68885680,624.4,628.4048,624.18
07/16/2025,624.22,88987510,623.74,624.73,618.05
07/15/2025,622.14,74317260,627.52,627.86,622.06
07/14/2025,624.81,51898520,623.16,625.1581,621.7999
7/11/2025,623.62,63670230,622.74,624.86,621.53
7/10/2025,625.82,57528960,624.2,626.8701,623.01
7/9/2025,624.06,66113330,622.77,624.72,620.9105
7/8/2025,620.34,59024590,621.35,622.11,619.52
7/7/2025,620.68,74814510,623.36,624.03,617.87
7/3/2025,625.34,51065790,622.45,626.28,622.43
7/2/2025,620.45,66510370,617.24,620.49,616.61
7/1/2025,617.65,70030140,616.36,618.83,615.52
06/30/2025,617.85,92502540,617.38,619.22,615.04
06/27/2025,614.91,86258400,612.88,616.39,610.83
06/26/2025,611.87,78548360,608.99,612.31,608.37
06/25/2025,607.12,62114770,607.91,608.61,605.54
06/24/2025,606.78,67735290,604.33,607.8499,603.41
06/23/2025,600.15,87426040,595.04,600.54,591.89
06/20/2025,594.28,94051370,598.38,599.46,592.86
06/18/2025,597.44,76605030,598.44,601.22,596.47
06/17/2025,597.53,82209370,600.21,601.75,596.76
06/16/2025,602.68,79984130,600.4,604.45,600.22
06/13/2025,597,89506000,598.5,601.85,595.48
6/12/2025,603.75,64129000,600.01,603.75,599.52
6/11/2025,601.36,73658230,604.19,605.06,599.27
6/10/2025,603.08,66246970,600.22,603.47,599.09
6/9/2025,599.68,53016420,599.72,601.25,598.49
6/6/2025,599.14,66588740,598.66,600.83,596.86
6/5/2025,593.05,92436400,597.63,599,591.05
6/4/2025,595.93,57314200,596.96,597.95,595.49
6/3/2025,596.09,63606200,592.34,597.08,591.85
6/2/2025,592.71,61630500,587.76,592.79,585.06
05/30/2025,589.39,90601240,588.93,591.1299,583.235
05/29/2025,590.05,70073760,593.06,593.2,586.07
05/28/2025,587.73,68445510,591.56,592.7688,586.985
05/27/2025,591.15,72588480,586.07,591.31,578.43
05/23/2025,579.11,76029050,575.98,581.8101,575.6
05/22/2025,583.09,70860420,582.66,586.62,581.405
05/21/2025,582.86,95197660,588.44,592.58,581.82
05/20/2025,592.85,60614490,593.09,594.05,589.6
05/19/2025,594.85,68168510,588.1,595.54,588.1
05/16/2025,594.2,76052100,591.25,594.5,589.28
05/15/2025,590.46,71268150,585.56,590.97,585.0969
05/14/2025,587.59,66283530,587.81,588.98,585.535
05/13/2025,586.84,67947230,583.41,589.08,582.84
5/12/2025,582.99,78993570,581.47,583,577.04
5/9/2025,564.34,37603430,566.48,567.5,562.7637
5/8/2025,565.06,65130790,565.24,570.31,561.7
5/7/2025,561.15,55733230,560.15,563.82,556.04
5/6/2025,558.8,48264710,557.93,563.3476,556.96
5/5/2025,563.51,38659220,562.57,566.65,561.7
5/2/2025,566.76,60717270,564.73,568.38,562.38
5/1/2025,558.47,63186150,560.37,564.0699,557.86
04/30/2025,554.54,93101460,547.57,556.52,541.52
04/29/2025,554.32,47775120,548.91,555.45,548.55
04/28/2025,550.85,47613760,551.39,553.55,545.02
04/25/2025,550.64,61119590,546.65,551.05,543.69
04/24/2025,546.69,64150420,536.715,547.43,535.4504
04/23/2025,535.42,90590660,540.43,545.43,533.88
04/22/2025,527.25,75948120,520.14,529.305,519.1925
04/21/2025,513.88,69368130,521.16,521.7,508.46
04/17/2025,526.41,79868080,527.64,531.165,523.91
04/16/2025,525.66,83484810,531.68,537.8854,520.29
04/15/2025,537.61,56892870,539.675,543.23,536.81
04/14/2025,539.12,68033990,544.05,544.28,533.86
4/11/2025,533.94,97866330,523.01,536.43,520.07
4/10/2025,524.58,162331200,532.17,533.495,509.32
4/9/2025,548.62,241867300,493.44,548.62,493.05
4/8/2025,496.48,165816600,521.86,524.98,489.16
4/7/2025,504.38,256611400,489.19,523.17,481.8
4/4/2025,505.28,217965100,523.67,525.87,505.06
4/3/2025,536.7,125986000,545.11,547.97,536.7
4/2/2025,564.52,76014540,555.05,567.42,554.81
4/1/2025,560.97,54609640,557.45,562.94,553.68
03/31/2025,559.39,95328210,549.83,560.7112,546.87
03/28/2025,555.66,71662650,565.53,566.2675,555.07
03/27/2025,567.08,42164250,567.18,570.9,564.94
03/26/2025,568.59,52228900,575.19,576.33,567.19
03/25/2025,575.46,38355740,575.3,576.41,573.69
03/24/2025,574.08,58766800,570.8,575.15,570.2
03/21/2025,563.98,83762960,559.28,564.89,558.03
03/20/2025,565.49,62958200,563.33,570.57,562.6012
03/19/2025,567.13,66555990,562.83,570.95,561.63
03/18/2025,561.02,66041420,564.8,565.02,559.06
03/17/2025,567.15,49008710,562.79,569.71,562.35
03/14/2025,562.81,62660320,556.11,563.83,551.4917
03/13/2025,551.42,74079410,558.49,559.105,549.68
3/12/2025,558.87,69588170,562.17,563.11,553.69
3/11/2025,555.92,88102110,559.4,564.02,552.02
3/10/2025,560.58,99326620,567.59,569.54,555.59
3/7/2025,575.92,81158820,570.9,577.39,565.63
3/6/2025,572.71,80094870,575.48,580.1736,570.12
3/5/2025,583.06,71230530,576.69,584.88,573.0795
3/4/2025,576.86,109648200,579.71,585.39,572.25
3/3/2025,583.77,74249200,596.18,597.34,579.9
02/28/2025,594.18,88744110,585.56,594.72,582.44
02/27/2025,585.05,74196660,596.85,598.02,584.65
02/26/2025,594.54,43321580,595.93,599.58,591.8556
02/25/2025,594.24,58266470,597.15,597.89,589.56
02/24/2025,597.21,50737210,602.02,603.03,596.49
02/21/2025,599.94,76519820,610.16,610.3,599.47
02/20/2025,610.38,36554000,611.54,611.684,607.02
02/19/2025,612.93,31011070,610.08,613.23,609.56
02/18/2025,611.49,26749030,610.88,611.49,608.38
02/14/2025,609.7,26910450,609.94,610.99,609.07
02/13/2025,609.73,40921300,604.48,609.94,603.2
2/12/2025,603.36,45076080,599.2,604.55,598.51
2/11/2025,605.31,30056740,602.55,605.86,602.43
2/10/2025,604.85,26048710,604.03,605.4999,602.74
2/7/2025,600.77,50788520,606.89,608.13,600.05
2/6/2025,606.32,35771500,605.99,606.4525,602.63
2/5/2025,604.22,30653150,600.64,604.37,598.58
2/4/2025,601.78,33457820,597.83,602.3,597.28
2/3/2025,597.77,65857250,592.67,600.29,590.49
01/31/2025,601.82,66671470,607.5,609.96,601.05
01/30/2025,605.04,39281260,603.96,606.6,600.715
01/29/2025,601.81,37177430,603.72,604.13,599.22
01/28/2025,604.52,44433320,600.62,605.37,597.25
01/27/2025,599.37,70361130,594.81,599.69,594.64
01/24/2025,607.97,34604690,609.81,610.78,606.8
01/23/2025,609.75,41152100,605.8,609.75,605.52
01/22/2025,606.44,48195970,605.92,607.82,605.36
01/21/2025,603.05,42532850,600.67,603.06,598.67
01/17/2025,597.58,58070630,596.96,599.36,595.61
01/16/2025,591.64,43319660,594.175,594.35,590.93
01/15/2025,592.78,56900160,590.325,593.94,589.195
01/14/2025,582.19,48420580,584.36,585,578.35
01/13/2025,581.39,47910060,575.77,581.75,575.35
1/10/2025,580.49,73105050,585.88,585.95,578.55
1/8/2025,589.49,47304670,588.7,590.5799,585.195
1/7/2025,588.63,60393050,597.42,597.75,586.78
1/6/2025,595.36,47679440,596.27,599.7,593.6
1/3/2025,591.95,37888460,587.53,592.6,586.43
1/2/2025,584.64,50203980,589.39,591.13,580.5
12/31/2024,586.08,57052650,589.905,590.6399,584.42
12/30/2024,588.22,56578760,587.89,591.74,584.41
12/27/2024,595.01,64969310,597.54,597.7761,590.7647
12/26/2024,601.34,41338890,599.5,602.48,598.0825
12/24/2024,601.3,33160100,596.06,601.34,595.47
12/23/2024,594.69,57635830,590.89,595.3,587.661
12/20/2024,591.15,125716700,581.77,595.75,580.91
12/19/2024,586.1,85919450,591.36,593,585.85
12/18/2024,586.28,108248700,603.98,606.405,585.89
12/17/2024,604.29,55773550,604.19,605.17,602.885
12/16/2024,606.79,43695180,606,607.7795,605.21
12/13/2024,604.21,35904730,606.4,607.13,602.81
12/12/2024,604.33,31543810,606.58,607.16,604.33
12/11/2024,607.46,28677720,605.78,608.435,605.5
12/10/2024,602.8,37234520,605.37,605.8,602.13
12/9/2024,604.68,34742740,607.69,607.86,604.08
12/6/2024,607.81,31241550,607.44,609.07,607.02
12/5/2024,606.66,28762180,607.66,608.48,606.305
12/4/2024,607.66,42787560,605.63,607.91,604.95
12/3/2024,603.91,26906630,603.39,604.16,602.341
12/2/2024,603.63,31745990,602.97,604.32,602.47
11/29/2024,602.55,30177350,599.66,603.35,599.3805
11/27/2024,598.83,34000160,600.46,600.85,597.28
11/26/2024,600.65,45621290,598.8,601.33,598.07
11/25/2024,597.53,42441390,599.52,600.86,595.2
11/22/2024,595.51,38226390,593.66,596.15,593.1525
11/21/2024,593.67,46750290,593.4,595.12,587.45
11/20/2024,590.5,50032580,590.38,590.79,584.63
11/19/2024,590.3,49412050,584.71,591.045,584.03
11/18/2024,588.15,37084080,586.22,589.49,585.34
11/15/2024,585.75,75988770,589.72,590.2,583.86
11/14/2024,593.35,38904110,597.32,597.81,592.65
11/13/2024,597.19,47388640,597.37,599.23,594.96
11/12/2024,596.9,43006130,598.68,599.29,594.37
11/11/2024,598.76,37586770,599.81,600.17,597
11/8/2024,598.19,46444890,596.17,599.64,596.165
11/7/2024,595.61,47233210,593.08,596.65,592.9999
11/6/2024,591.04,68181970,589.2,591.93,585.39
11/5/2024,576.7,39478320,570.74,576.74,570.52
11/4/2024,569.81,38216980,571.18,572.5,567.89
11/1/2024,571.04,45667530,571.32,575.55,570.62
10/31/2024,568.64,60182450,575.56,575.63,568.44
10/30/2024,580.01,41435840,581.29,583.32,579.29
10/29/2024,581.77,42899660,579.85,582.907,578.43
10/28/2024,580.83,30174700,582.58,582.71,580.52
10/25/2024,579.04,47268180,581.51,584.46,578.08
10/24/2024,579.24,34979860,579.98,580.06,576.57
10/23/2024,577.99,49314570,581.26,581.7086,574.415
10/22/2024,583.32,34183840,581.05,584.5,580.38
10/21/2024,583.63,36439010,583.85,584.85,580.6001
10/18/2024,584.59,37416800,584.07,585.39,582.58
10/17/2024,582.35,34393710,585.91,586.12,582.16
10/16/2024,582.3,30725440,579.78,582.83,578.96
10/15/2024,579.78,54203640,584.59,584.9,578.545
10/14/2024,584.32,36217220,581.22,585.27,580.73
10/11/2024,579.58,42267990,576.05,580.33,575.91
10/10/2024,576.13,44138060,575.77,577.58,574.49
10/9/2024,577.14,37912240,573.16,577.71,572.55
10/8/2024,573.17,37398690,570.42,573.78,569.5299
10/7/2024,567.8,49964690,571.3,571.9599,566.63
10/4/2024,572.98,43005190,572.35,573.36,568.1
10/3/2024,567.82,40846470,567.36,569.8025,565.49
10/2/2024,568.86,38097800,567.71,569.9,565.27
10/1/2024,568.62,72668780,573.4,574.0622,566
09/30/2024,573.76,63655450,570.42,574.38,568.08
09/27/2024,571.47,42100930,573.39,574.22,570.42
09/26/2024,572.3,48336000,574.38,574.71,569.9
09/25/2024,570.04,38428590,571.14,571.89,568.91
09/24/2024,571.3,46805670,570.48,571.36,567.6
09/23/2024,569.67,44116920,569.34,570.3325,568.1
09/20/2024,568.25,77503110,567.84,569.31,565.17
09/19/2024,570.98,75315470,571.01,572.88,568.08
09/18/2024,561.4,59044940,563.74,568.69,560.83
09/17/2024,563.07,49320970,565.1,566.58,560.795
09/16/2024,562.84,36656120,561.74,563.11,559.9
09/13/2024,562.01,39310500,559.71,563.03,559.45
9/12/2024,559.09,51892740,555.01,559.4,552.74
9/11/2024,554.42,75248610,548.7,555.36,539.96
9/10/2024,548.79,36394580,548.36,549.15,543.38
9/9/2024,546.41,40445820,544.65,547.71,542.68
9/6/2024,540.36,68493810,549.94,551.6,539.44
9/5/2024,549.61,44264260,550.89,553.7995,547.1
9/4/2024,550.95,47224940,550.2,554.43,549.46
9/3/2024,552.08,60600110,560.47,560.81,549.51
08/30/2024,563.68,62700110,560.77,564.2,557.14
08/29/2024,558.35,38715180,560.31,563.68,557.18
08/28/2024,558.3,41066020,561.21,561.65,555.04
08/27/2024,561.56,32693900,559.49,562.06,558.32
08/26/2024,560.79,35788610,563.18,563.91,559.05
08/23/2024,562.13,50639390,559.53,563.09,557.29
08/22/2024,556.22,56121460,562.56,563.18,554.98
08/21/2024,560.62,41514600,559.77,562.11,554.73
08/20/2024,558.7,33732260,559.15,560.84,557.325
08/19/2024,559.61,39121790,554.73,559.61,553.86
08/16/2024,554.31,44430730,551.42,555.02,551.26
08/15/2024,553.07,60846810,549.5,553.36,548.88
08/14/2024,543.75,42446930,542.85,544.96,540.12
08/13/2024,542.04,52333070,536.53,542.28,536.28
8/12/2024,533.27,42542070,534.21,535.73,530.95
8/9/2024,532.99,45619560,529.81,534.51,528.56
8/8/2024,530.65,63276590,523.91,531.29,521.84
8/7/2024,518.66,70698340,528.47,531.59,518.0519
8/6/2024,522.15,84826310,519.22,529.75,517.87
8/5/2024,517.38,146267400,511.64,523.58,510.27
8/2/2024,532.9,82789070,535.75,536.99,528.6
8/1/2024,543.01,76428730,552.57,554.8688,539.43
07/31/2024,550.81,65663390,548.98,553.5,547.5799
07/30/2024,542,46853630,546.26,547.34,538.515
07/29/2024,544.76,39515820,546.02,547.05,542.72
07/26/2024,544.44,53763790,542.28,547.19,541.49
07/25/2024,538.41,61158290,541.35,547.455,537.45
07/24/2024,541.23,74515270,548.86,549.17,540.29
07/23/2024,553.78,34439560,554.54,556.735,553.275
07/22/2024,554.65,43346720,553,555.27,551.02
07/19/2024,548.99,65509080,552.42,554.08,547.91
07/18/2024,552.66,56270390,558.51,559.52,550.43
07/17/2024,556.94,57118960,558.8,560.51,556.61
07/16/2024,564.86,36475260,562.865,565.16,562.1
07/15/2024,561.53,40584290,562.03,564.8371,559.63
7/12/2024,559.99,53084410,557.63,563.67,557.15
7/11/2024,556.48,53054180,561.44,562.33,555.83
7/10/2024,561.32,38701220,557.07,561.67,556.77
7/9/2024,555.82,27314130,556.26,557.18,555.52
7/8/2024,555.28,36110450,555.44,556.2501,554.19
7/5/2024,554.64,41488390,551.77,555.05,551.12
7/3/2024,551.46,32789910,548.69,551.83,548.65
7/2/2024,549.01,40434790,543.7,549.01,543.65
7/1/2024,545.34,40297810,545.63,545.88,542.52
06/28/2024,544.22,76144540,547.16,550.28,542.95
06/27/2024,546.37,35041480,545.37,546.96,544.61
06/26/2024,545.51,38550640,543.69,546.24,543.03
06/25/2024,544.83,38273350,543.99,545.2,542.44
06/24/2024,542.74,45528650,544.33,546.95,542.62
06/21/2024,544.51,64513860,544.4,545.65,543.02
06/20/2024,547,70328230,549.44,550.12,545.18
06/18/2024,548.49,41376420,547.16,548.62,546.73
06/17/2024,547.1,55839460,542.08,548.53,541.6072
06/14/2024,542.78,40089900,540.88,542.81,539.85
06/13/2024,542.45,44760950,543.15,543.325,539.59
6/12/2024,541.36,63251310,541.63,544.12,540.3
6/11/2024,536.95,36383410,534.07,537.01,532.05
6/10/2024,535.66,35729250,533.18,535.99,532.57
6/7/2024,534.01,43224530,533.66,536.89,532.535
6/6/2024,534.66,30808530,534.98,535.42,532.68
6/5/2024,534.67,47610370,530.77,534.69,528.7254
6/4/2024,528.39,34632660,526.46,529.15,524.96
6/3/2024,527.8,46835700,529.02,529.31,522.6
05/31/2024,527.37,90785760,523.59,527.5,518.36
05/30/2024,522.61,46468510,524.52,525.2,521.33
05/29/2024,526.1,45190320,525.68,527.31,525.37
05/28/2024,529.81,36269600,530.27,530.51,527.11
05/24/2024,529.44,41291080,527.85,530.27,526.881
05/23/2024,525.96,57211200,532.96,533.07,524.72
05/22/2024,529.83,48389970,530.65,531.38,527.6
05/21/2024,531.36,33437000,529.28,531.52,529.07
05/20/2024,530.06,37764210,529.57,531.5601,529.17
05/17/2024,529.45,59187590,528.81,529.52,527.32
05/16/2024,528.69,50244830,529.88,531.5218,528.54
05/15/2024,529.78,59504900,525.83,530.08,525.18
05/14/2024,523.3,57535870,521.11,523.83,520.56
05/13/2024,520.91,36716360,522.56,522.67,519.74
5/10/2024,520.84,52233170,521.81,522.635,519.59
5/9/2024,520.17,43643670,517.38,520.2074,516.705
5/8/2024,517.19,42047210,515.26,517.74,515.14
5/7/2024,517.14,52561300,517.56,518.57,516.45
5/6/2024,516.57,47264700,513.75,516.61,513.3
5/3/2024,511.29,72756710,511.16,512.55,508.56
5/2/2024,505.03,62550180,504.15,505.89,499.55
5/1/2024,500.35,80242840,501.38,508.19,499.865
04/30/2024,501.98,77483570,508.56,509.56,501.98
04/29/2024,510.06,46415450,510.09,510.75,507.25
04/26/2024,508.26,64306120,506.35,509.88,505.7
04/25/2024,503.49,69122370,499.18,504.27,497.49
04/24/2024,505.41,55928080,506.56,507.37,503.13
04/23/2024,505.65,64633620,501.78,506.09,499.5328
04/22/2024,499.72,67961050,497.83,502.38,495.43
04/19/2024,495.16,102212600,499.44,500.455,493.86
04/18/2024,499.52,74548090,501.98,504.13,498.56
04/17/2024,500.55,75910310,506.05,506.22,499.12
04/16/2024,503.53,73484020,504.94,506.5,502.21
04/15/2024,504.45,92101450,515.13,515.3,503.58
4/12/2024,510.85,92561090,514.37,515.815,509.08
4/11/2024,518,70099010,515.68,519.48,512.08
4/10/2024,514.12,82652810,513.48,516.16,512.09
4/9/2024,519.32,68124390,520.5,520.75,514.35
4/8/2024,518.72,48401750,519.15,520.18,517.89
4/5/2024,518.43,74546480,514.46,520.44,514.01
4/4/2024,513.07,96858070,523.52,523.8674,512.755
4/3/2024,519.41,59155760,517.72,520.95,517.665
4/2/2024,518.84,74230310,518.24,518.98,516.48
4/1/2024,522.16,62477540,523.83,524.38,520.97
03/28/2024,523.07,96294890,523.21,524.61,522.78
03/27/2024,523.17,82999780,521.71,523.21,519.485
03/26/2024,518.81,65463740,521.23,521.58,518.4
03/25/2024,519.77,48512110,519.8,520.95,519.61
03/22/2024,521.21,79070840,522.11,522.605,520.97
03/21/2024,522.2,60256110,523.39,524.11,521.91
03/20/2024,520.48,69594570,515.77,520.62,515.08
03/19/2024,515.71,60755260,512.15,515.995,511.12
03/18/2024,512.86,88893330,514,515.48,512.44
03/15/2024,509.83,107646300,510.21,511.7,508.122
03/14/2024,514.95,110171800,516.97,517.125,511.82
03/13/2024,515.97,55104090,517.11,517.29,514.49
3/12/2024,516.78,73114440,513.45,517.38,510.86
3/11/2024,511.28,62557180,510.48,511.88,508.5
3/8/2024,511.72,86532540,515.46,518.2201,511.13
3/7/2024,514.81,58652090,513.14,515.89,509.8053
3/6/2024,509.75,68382370,510.55,512.069,508.42
3/5/2024,507.18,72855620,510.24,510.7,504.91
3/4/2024,512.3,49799260,512.03,514.2,512
3/1/2024,512.85,76844840,508.98,513.29,508.56
02/29/2024,508.08,83924800,508.07,509.74,505.35
02/28/2024,506.26,56506630,505.33,506.855,504.96
02/27/2024,506.93,48854530,506.7,507.16,504.75
02/26/2024,505.99,50386740,508.3,508.75,505.86
02/23/2024,507.85,61321820,509.27,510.13,507.1
02/22/2024,507.5,76402540,504.01,508.49,503.02
02/21/2024,497.21,59603770,495.42,497.37,493.56
02/20/2024,496.76,71736740,497.72,498.41,494.45
02/16/2024,499.51,75532930,501.7,502.87,498.75
02/15/2024,502.01,61682960,499.29,502.2,498.795
02/14/2024,498.57,68387830,496.79,499.07,494.4
02/13/2024,494.08,113099200,494.53,497.09,490.715
2/12/2024,500.98,56502280,501.17,503.5,500.24
2/9/2024,501.2,63979380,498.84,501.65,498.49
2/8/2024,498.32,52343640,498.1,498.71,497.26
2/7/2024,498.1,70556510,496.29,498.53,495.36
2/6/2024,493.98,55918600,493.52,494.32,492.05
2/5/2024,492.55,75757100,493.695,494.3778,490.23
2/2/2024,494.35,99228190,489.65,496.05,489.3
2/1/2024,489.2,91891640,484.63,489.23,483.8
01/31/2024,482.88,126011100,488.62,489.0813,482.86
01/30/2024,490.89,58618390,490.56,491.62,490.11
01/29/2024,491.27,61322750,487.73,491.415,487.17
01/26/2024,487.41,76641610,487.59,489.12,486.54
01/25/2024,488.03,72524990,487.575,488.305,485.39
01/24/2024,485.39,81765040,487.81,488.77,484.8819
01/23/2024,484.86,49945300,484.01,485.105,482.89
01/22/2024,483.45,75844930,484.01,485.22,482.78
01/19/2024,482.43,110834500,477.65,482.72,476.5374
01/18/2024,476.49,91856250,474.01,477.06,472.42
01/17/2024,472.29,68843870,471.82,472.79,469.87
01/16/2024,474.93,85014870,475.26,476.6098,473.06
1/12/2024,476.68,58026420,477.84,478.6,475.23
1/11/2024,476.35,77940720,477.59,478.12,472.26
1/10/2024,476.56,67310640,474.16,477.4481,473.87
1/9/2024,473.88,65931440,471.87,474.93,471.35
1/8/2024,474.6,74879070,468.43,474.75,468.3
1/5/2024,467.92,86118910,467.49,470.44,466.43
1/4/2024,467.28,84232170,468.3,470.96,467.05
1/3/2024,468.79,103585900,470.43,471.19,468.17
1/2/2024,472.65,123007800,472.16,473.67,470.49
12/29/2023,475.31,122283100,476.49,477.03,473.3
12/28/2023,476.69,77158120,476.88,477.55,476.26
12/27/2023,476.51,68000310,475.44,476.66,474.89
12/26/2023,475.65,55386950,474.07,476.58,473.99
12/22/2023,473.65,67160420,473.86,475.38,471.7
12/21/2023,472.7,86667470,471.33,472.975,468.84
12/20/2023,468.26,102921000,473.96,475.895,467.82
12/19/2023,474.84,55761810,472.53,474.92,472.45
12/18/2023,471.97,70375290,470.98,472.98,469.8929
12/15/2023,469.33,141553700,469.49,470.7,467.4263
12/14/2023,472.01,119026000,472.5,473.73,469.25
12/13/2023,470.5,93277960,464.49,470.7599,464.12
12/12/2023,464.1,68327620,461.63,464.2,460.6
12/11/2023,461.99,65002250,459.69,462.17,459.47
12/8/2023,460.2,83194400,457.46,460.745,457.21
12/7/2023,458.23,66995450,456.91,458.9,456.29
12/6/2023,454.76,69124690,458.81,458.84,454.31
12/5/2023,456.6,69793470,455.26,457.59,454.87
12/4/2023,456.69,72430890,455.6,459.1206,454.34
12/1/2023,459.1,89183400,455.77,459.65,455.16
11/30/2023,456.4,79752700,455.48,456.76,453.34
11/29/2023,454.61,63145990,457.15,458.32,454.2
11/28/2023,454.93,62115010,454.08,456.27,453.5
11/27/2023,454.48,50505990,454.65,455.4901,454.0799
11/24/2023,455.3,29737380,455.07,455.5,454.73
11/22/2023,455.02,59446570,454.98,456.38,453.8895
11/21/2023,453.27,49244640,453.1842,454.131,451.9599
11/20/2023,454.26,70055630,450.53,455.125,450.52
11/17/2023,450.79,83193900,450.24,451.42,449.29
11/16/2023,450.23,66665800,449.22,450.56,448.12
11/15/2023,449.68,77327570,450.11,451.38,448.8
11/14/2023,448.73,97176940,446.32,450.06,446.09
11/13/2023,440.19,52236070,439.23,441.33,438.42
11/10/2023,440.61,89558050,435.98,440.93,433.8335
11/9/2023,433.84,83174420,438.43,438.47,433.4
11/8/2023,437.25,61746030,437.55,438.09,434.87
11/7/2023,436.93,64256110,435.69,437.585,434.51
11/6/2023,435.69,67831660,435.47,436.1498,433.68
11/3/2023,434.69,100167800,433.14,436.29,433.01
11/2/2023,430.76,94938910,426.58,430.915,426.56
11/1/2023,422.66,98068120,419.2,423.5,418.6499
10/31/2023,418.2,79665150,416.18,418.53,414.21
10/30/2023,415.59,86562680,413.56,416.68,412.22
10/27/2023,410.68,107367700,414.19,414.6,409.21
10/26/2023,412.55,115156800,416.45,417.325,411.6
10/25/2023,417.55,94223200,421.89,421.92,417.015
10/24/2023,423.63,78564240,422.65,424.82,420.74
10/23/2023,420.46,92035100,419.61,424.45,417.8
10/20/2023,421.19,123919900,425.98,426.54,421.08
10/19/2023,426.43,121323000,430.95,432.82,425.725
10/18/2023,430.21,93559800,434.19,435.18,429.09
10/17/2023,436.02,75324710,432.81,438.14,432.45
10/16/2023,436.04,75433190,433.82,437.14,433.57
10/13/2023,431.5,95201130,435.21,436.45,429.88
10/12/2023,433.66,81154230,436.95,437.335,431.23
10/11/2023,436.32,62451740,435.64,436.58,433.18
10/10/2023,434.54,78607270,432.94,437.22,432.53
10/9/2023,432.29,80374360,427.58,432.88,427.0101
10/6/2023,429.54,113273300,421.97,431.125,420.6
10/5/2023,424.5,70142740,424.36,425.37,421.1701
10/4/2023,424.66,87452970,422.07,425.4299,420.56
10/3/2023,421.59,103760600,425.06,427.3729,420.18
10/2/2023,427.31,83798600,426.62,428.6,424.46
09/29/2023,427.48,115111300,431.67,431.85,425.91
09/28/2023,428.52,92258310,425.48,430.2499,424.87
09/27/2023,426.05,104705800,427.09,427.67,422.29
09/26/2023,425.88,96168440,429.09,429.82,425.02
09/25/2023,432.23,70874530,429.17,432.27,428.72
09/22/2023,430.42,100829700,432.45,434.1,429.99
09/21/2023,431.39,104095800,435.7,435.97,431.23
09/20/2023,438.64,82562600,444.01,444.435,438.43
09/19/2023,442.71,66514650,442.68,443.29,439.94
09/18/2023,443.63,55752210,443.05,444.97,442.56
09/15/2023,443.37,111848900,447.14,447.48,442.92
09/14/2023,450.36,83430810,449.07,451.08,447.715
09/13/2023,446.51,60199270,446.22,447.71,445.0793
9/12/2023,445.99,67565420,446.95,448.53,445.39
9/11/2023,448.45,60180120,448.24,448.77,446.4699
9/8/2023,445.52,62068440,444.9,447.11,444.53
9/7/2023,444.85,70355430,443.11,445.55,442.75
9/6/2023,446.22,70758510,448.4,448.51,443.81
9/5/2023,449.24,55166210,450.73,451.06,449.17
9/1/2023,451.19,58944100,453.17,453.67,449.68
08/31/2023,450.35,66084560,451.65,452.83,450.16
08/30/2023,451.01,69053910,449.51,451.67,448.78
08/29/2023,449.16,83081920,442.65,449.45,442.46
08/28/2023,442.76,61595390,442.24,443.4,439.9728
08/25/2023,439.97,102325100,438.68,441.3,435
08/24/2023,436.89,88517270,444.69,445.22,436.855
08/23/2023,443.03,68441020,439.25,443.67,439.1
08/22/2023,438.15,65062860,441.18,441.18,437.57
08/21/2023,439.34,68718960,437.55,440.11,435.32
08/18/2023,436.5,98851960,433.37,437.57,433.01
08/17/2023,436.29,95711320,441.16,441.43,435.75
08/16/2023,439.64,80107210,442.46,444.18,439.53
08/15/2023,442.89,75707530,446.27,446.64,442.3
08/14/2023,448.11,47867440,444.7,448.11,444.38
8/11/2023,445.65,68690900,443.97,446.7007,443.345
8/10/2023,445.91,93005500,448.19,451.7,444.7
8/9/2023,445.75,78789580,449.03,449.1999,444.96
8/8/2023,448.75,71361320,448.08,450.6952,445.2705
8/7/2023,450.71,58357460,448.71,450.865,447.99
8/4/2023,446.81,100128900,450.72,452.895,446.27
8/3/2023,448.84,64419690,448.04,450.79,447.37
8/2/2023,450.13,93933370,453.25,453.52,449.3499
8/1/2023,456.48,55502200,456.27,457.25,455.49
07/31/2023,457.79,62040450,457.41,458.16,456.045
07/28/2023,456.92,80011790,455.88,457.78,452.4918
07/27/2023,452.49,92194380,459.02,459.44,451.55
07/26/2023,455.51,71052890,454.47,456.99,453.38
07/25/2023,455.44,55191240,453.92,456.735,453.87
07/24/2023,454.2,54023380,453.37,455.04,452.298
07/21/2023,452.18,71275620,453.96,454.165,452.17
07/20/2023,452.18,70591640,454.17,455.1,451.44
07/19/2023,455.2,65891690,455.01,456.43,454.1119
07/18/2023,454.19,80744450,450.5,454.86,450.0484
07/17/2023,450.84,52680220,449.13,451.93,449.08
07/14/2023,449.28,69815820,450.475,451.36,448.49
07/13/2023,449.56,72425240,447.9,450.38,447.45
7/12/2023,446.02,91924530,446.39,447.4799,444.91
7/11/2023,442.46,64463750,440.45,442.97,439.44
7/10/2023,439.66,62443500,438.18,439.84,437.585
7/7/2023,438.55,86134180,438.63,442.64,438.3
7/6/2023,439.66,80658300,439.42,440.1,437.06
7/5/2023,443.13,58418430,441.91,443.889,441.9
7/3/2023,443.79,32793380,442.92,444.08,442.63
06/30/2023,443.28,104964000,441.44,444.3,441.11
06/29/2023,438.11,67882300,435.96,438.28,435.54
06/28/2023,436.39,75635980,435.05,437.44,434.41
06/27/2023,436.17,72813700,432.35,436.81,431.88
06/26/2023,431.44,72823560,432.62,434.61,431.19
06/23/2023,433.21,92074540,432.93,435.06,432.47
06/22/2023,436.51,70637180,433.95,436.62,433.6
06/21/2023,434.94,76982250,436.16,436.99,434.33
06/20/2023,437.18,76160360,437.45,438.37,435.03
06/16/2023,439.46,114165800,443.02,443.6078,438.97
06/15/2023,442.6,110303100,436.33,443.9,436.23
06/14/2023,437.18,100612100,437.01,439.0612,433.59
06/13/2023,436.66,95899700,435.32,437.33,434.63
6/12/2023,433.8,76256700,430.92,433.88,430.17
6/9/2023,429.9,85647270,429.96,431.99,428.87
6/8/2023,429.13,61952840,426.62,429.6,425.82
6/7/2023,426.55,85373280,428.44,429.62,426.11
6/6/2023,428.03,64022180,426.67,428.5772,425.99
6/5/2023,427.1,65460160,428.28,429.62,426.37
6/2/2023,427.92,91426170,424.5,428.74,423.95
6/1/2023,421.82,88865020,418.09,422.92,416.79
05/31/2023,417.85,110811800,418.28,419.22,416.22
05/30/2023,420.18,72215960,422.03,422.58,418.735
05/26/2023,420.02,93829980,415.33,420.77,415.25
05/25/2023,414.65,90961610,414.74,416.16,412.4101
05/24/2023,411.09,89213680,412.42,412.82,409.8795
05/23/2023,414.09,86383490,417.08,418.722,413.68
05/22/2023,418.79,60745400,418.64,420.39,417.35
05/19/2023,418.62,103793300,420.17,420.72,417.35
05/18/2023,419.23,97177200,414.9,419.67,414.67
05/17/2023,415.23,87286960,412.35,415.855,410.635
05/16/2023,410.25,57705500,411.86,412.815,410.24
05/15/2023,413.01,54289380,412.22,413.43,410.23
5/12/2023,411.59,70481550,413.42,413.64,409.07
5/11/2023,412.13,70157060,411.95,412.43,409.97
5/10/2023,412.85,96142920,413.88,414.535,408.87
5/9/2023,410.93,49220120,411.13,412.09,410.6894
5/8/2023,412.74,50046770,412.97,413.24,411.28
5/5/2023,412.63,87891790,408.91,413.72,408.64
5/4/2023,405.13,94901860,406.93,407.27,403.74
5/3/2023,408.02,91531770,411.36,413.87,407.77
5/2/2023,410.84,103998500,414.77,414.82,407.82
5/1/2023,415.51,62122250,415.47,417.62,415.265
04/28/2023,415.93,89433140,411.49,415.94,411.43
04/27/2023,412.41,92968370,407,412.69,406.74
04/26/2023,404.36,80447050,406.72,407.84,403.78
04/25/2023,406.08,97766720,410.58,411.16,406.02
04/24/2023,412.63,64332100,411.99,413.07,410.6
04/21/2023,412.2,73457420,412.19,412.68,410.17
04/20/2023,411.88,75840360,411.21,413.7,410.27
04/19/2023,414.14,55227330,412.22,415.08,412.16
04/18/2023,414.21,63560000,415.58,415.72,412.7802
04/17/2023,413.94,66436400,412.37,413.96,411.085
04/14/2023,412.46,78161500,412.81,415.09,410.06
04/13/2023,413.47,85814750,409.18,413.84,407.9922
4/12/2023,408.05,86420380,411.87,412.17,407.44
4/11/2023,409.72,59297950,410.26,411.18,408.92
4/10/2023,409.61,63681040,406.61,409.69,405.97
4/6/2023,409.19,63743350,406.77,409.48,405.678
4/5/2023,407.6,65200240,407.91,408.7,405.88
4/4/2023,408.67,66601530,411.62,411.92,407.24
4/3/2023,410.95,67391100,408.85,411.37,408.44
03/31/2023,409.39,112062600,404.66,409.7,404.55
03/30/2023,403.7,69840050,404.09,404.35,401.76
03/29/2023,401.35,77497880,399.925,401.6,398.68
03/28/2023,395.6,62871680,395.77,396.49,393.69
03/27/2023,396.49,74010410,398.12,398.92,395.56
03/24/2023,395.75,107770100,391.841,395.84,389.4
03/23/2023,393.17,119351300,395.09,399.29,390.35
03/22/2023,392.11,111746600,398.73,402.49,392.07
03/21/2023,398.91,91524250,397.24,399.41,395.58
03/20/2023,393.74,93055780,390.8,394.17,390.07
03/17/2023,389.99,140553400,393.22,394.4,388.55
03/16/2023,396.11,143753900,386.82,396.47,386.29
03/15/2023,389.28,172996900,385.89,389.49,383.71
03/14/2023,391.73,149752400,390.5,393.45,387.05
03/13/2023,385.36,157790000,381.81,390.39,380.65
3/10/2023,385.91,189253000,390.99,393.16,384.32
3/9/2023,391.56,111945300,399.74,401.48,390.53
3/8/2023,398.92,74746630,398.39,399.71,396.59
3/7/2023,398.27,108310600,404.42,404.67,397.625
3/6/2023,404.47,72795950,405.05,407.45,404.01
3/3/2023,404.19,90119950,399.71,404.45,399.03
3/2/2023,397.81,85404730,392.68,398.69,392.33
3/1/2023,394.74,99706820,395.41,396.69,393.38
02/28/2023,396.26,96438570,397.23,399.28,396.15
02/27/2023,397.73,80444740,399.87,401.29,396.75
02/24/2023,396.38,108194400,395.42,397.25,393.64
02/23/2023,400.66,96242400,401.56,402.2,396.25
02/22/2023,398.54,83742290,399.52,401.13,397.02
02/21/2023,399.09,82655920,403.06,404.16,398.82
02/17/2023,407.26,89257820,406.06,407.51,404.05
02/16/2023,408.28,76431470,408.79,412.91,408.14
02/15/2023,413.98,61685280,410.35,414.06,409.47
02/14/2023,412.64,88389310,411.24,415.05,408.511
02/13/2023,412.83,64913540,408.72,412.97,408.24
2/10/2023,408.04,70769720,405.86,408.44,405.01
2/9/2023,407.09,78694860,414.41,414.57,405.81
2/8/2023,410.65,76227460,413.13,414.53,409.93
2/7/2023,415.19,90990750,408.87,416.49,407.57
2/6/2023,409.83,60295330,409.79,411.29,408.1
2/3/2023,412.35,94736780,411.59,416.97,411.09
2/2/2023,416.78,101654500,414.86,418.31,412.88
2/1/2023,410.8,101459200,405.211,413.67,402.35
01/31/2023,406.48,86811790,401.13,406.53,400.77
01/30/2023,400.59,74202020,402.8,405.13,400.28
01/27/2023,405.68,68346180,403.655,408.16,403.44
01/26/2023,404.75,72287430,403.13,404.92,400.03
01/25/2023,400.35,84800250,395.95,400.7,393.56
01/24/2023,400.2,59524910,398.88,401.15,397.64
01/23/2023,400.63,84178800,396.72,402.645,395.72
01/20/2023,395.88,91806360,390.1,396.04,388.38
01/19/2023,388.64,86958920,389.36,391.08,387.26
01/18/2023,391.49,99632260,399.01,400.12,391.28
01/17/2023,397.77,62677280,398.48,400.23,397.06
01/13/2023,398.5,63903930,393.62,399.1,393.34
1/12/2023,396.96,90157700,396.67,398.485,392.42
1/11/2023,395.52,68881080,392.23,395.6,391.38
1/10/2023,390.58,65358090,387.25,390.65,386.27
1/9/2023,387.86,73978070,390.37,393.7,387.67
1/6/2023,388.08,104189600,382.61,389.25,379.4127
1/5/2023,379.38,76970460,381.72,381.84,378.76
1/4/2023,383.76,85934100,383.18,385.88,380
1/3/2023,380.82,74850730,384.37,386.43,377.831
,,,,,
,,,,,
,,,,,
,,,,,
,,,,,
,,,,,
,,,,,
,,,,,
,,,,,
,,,,,
,,,,,
,,,,,
,,,,,
,,,,,
,,,,,
,,,,,
,,,,,
,,,,,
,,,,,
,,,,,
,,,,,
,,,,,
,,,,,
,,,,,
,,,,,
,,,,,
,,,,,
,,,,,
,,,,,
,,,,,
,,,,,
,,,,,
,,,,,
,,,,,
,,,,,
,,,,,
,,,,,
,,,,,
,,,,,
,,,,,
,,,,,
,,,,,
,,,,,
,,,,,
,,,,,
,,,,,
,,,,,
,,,,,
,,,,,
,,,,,
,,,,,
,,,,,
,,,,,
,,,,,
,,,,,
,,,,,
,,,,,
,,,,,
,,,,,
,,,,,
,,,,,
,,,,,
,,,,,
,,,,,
,,,,,
,,,,,
,,,,,
,,,,,
,,,,,
,,,,,
,,,,,
,,,,,
,,,,,
,,,,,
,,,,,
,,,,,
,,,,,
,,,,,
,,,,,
,,,,,
,,,,,
,,,,,
,,,,,
,,,,,
,,,,,
,,,,,
,,,,,
,,,,,
,,,,,
,,,,,
,,,,,
,,,,,
,,,,,
,,,,,
,,,,,
,,,,,
,,,,,
,,,,,
,,,,,
,,,,,
,,,,,
,,,,,
,,,,,
,,,,,
,,,,,
,,,,,
,,,,,
,,,,,
,,,,,
,,,,,
,,,,,
,,,,,
,,,,,
,,,,,
,,,,,
,,,,,
,,,,,
,,,,,
,,,,,
,,,,,
,,,,,
,,,,,
,,,,,
,,,,,
,,,,,
,,,,,
,,,,,
,,,,,
,,,,,
,,,,,
,,,,,
,,,,,
,,,,,
,,,,,
,,,,,
,,,,,
,,,,,
,,,,,
,,,,,
,,,,,
,,,,,
,,,,,
,,,,,
,,,,,
,,,,,
,,,,,
,,,,,
,,,,,
,,,,,
,,,,,
,,,,,
,,,,,
,,,,,
,,,,,
,,,,,
,,,,,
,,,,,
,,,,,
,,,,,
,,,,,
,,,,,
,,,,,
,,,,,
,,,,,
,,,,,
,,,,,
,,,,,
,,,,,
,,,,,
,,,,,
,,,,,
,,,,,
,,,,,
,,,,,
,,,,,
,,,,,
,,,,,
,,,,,
,,,,,
,,,,,
,,,,,
,,,,,
,,,,,
,,,,,
,,,,,
,,,,,
,,,,,
,,,,,
,,,,,
,,,,,
,,,,,
,,,,,
,,,,,
,,,,,
,,,,,
,,,,,
,,,,,
,,,,,
,,,,,
,,,,,
,,,,,
,,,,,
,,,,,
,,,,,
,,,,,
,,,,,
,,,,,
,,,,,
,,,,,
,,,,,
,,,,,
,,,,,
,,,,,
,,,,,
,,,,,
,,,,,
,,,,,
,,,,,
,,,,,
,,,,,
,,,,,
,,,,,
,,,,,
,,,,,
,,,,,
,,,,,
,,,,,
,,,,,
,,,,,
,,,,,
,,,,,
,,,,,
,,,,,
,,,,,
,,,,,
,,,,,
,,,,,
,,,,,
,,,,,
,,,,,
,,,,,
,,,,,
,,,,,
,,,,,
,,,,,
,,,,,
,,,,,
,,,,,
,,,,,
,,,,,
,,,,,
,,,,,
,,,,,
,,,,,
,,,,,
,,,,,
,,,,,
,,,,,
,,,,,
,,,,,
,,,,,
,,,,,
,,,,,
,,,,,
,,,,,
,,,,,
,,,,,
,,,,,
,,,,,
,,,,,
,,,,,
,,,,,
,,,,,
,,,,,
,,,,,
,,,,,
,,,,,
,,,,,
,,,,,
,,,,,
,,,,,
,,,,,
,,,,,
,,,,,
,,,,,
,,,,,
,,,,,
,,,,,
,,,,,
,,,,,
,,,,,
,,,,,
,,,,,
,,,,,
,,,,,
,,,,,
,,,,,
,,,,,
,,,,,
,,,,,
,,,,,
,,,,,
,,,,,
,,,,,
,,,,,
,,,,,
,,,,,
,,,,,
,,,,,
,,,,,
,,,,,
,,,,,
,,,,,
,,,,,
,,,,,
